{"cameraMode":{"drawMode":0,"name":"Shaded","section":"Shading Mode"},"sceneLighting":true,"audioPlay":false,"sceneViewState":{"showFog":true,"showMaterialUpdate":false,"showSkybox":true,"showFlares":true,"showImageEffects":true,"showParticleSystems":true},"in2DMode":false,"pivot":{"x":54.237918853759769,"y":-5.053422927856445,"z":-4.480558395385742},"rotation":{"x":0.10898886620998383,"y":0.8568286895751953,"z":-0.2023411989212036,"w":0.46155786514282229},"size":35.56220245361328,"orthographic":false}