{"cameraMode":{"drawMode":0,"name":"Shaded","section":"Shading Mode"},"sceneLighting":true,"audioPlay":false,"sceneViewState":{"showFog":true,"showMaterialUpdate":false,"showSkybox":true,"showFlares":true,"showImageEffects":true,"showParticleSystems":true},"in2DMode":false,"pivot":{"x":9.415142059326172,"y":-138.76715087890626,"z":-259.317138671875},"rotation":{"x":-0.0051173120737075809,"y":-0.9688880443572998,"z":0.2466856837272644,"w":-0.0200648196041584},"size":154.7998504638672,"orthographic":false}