{"cameraMode":{"drawMode":0,"name":"Shaded","section":"Shading Mode"},"sceneLighting":true,"audioPlay":false,"sceneViewState":{"showFog":true,"showMaterialUpdate":false,"showSkybox":true,"showFlares":true,"showImageEffects":true,"showParticleSystems":true},"in2DMode":false,"pivot":{"x":13.207820892333985,"y":-2.0508012771606447,"z":-17.808216094970704},"rotation":{"x":0.028706219047307969,"y":0.9711936712265015,"z":-0.17433024942874909,"w":0.15992115437984467},"size":13.307999610900879,"orthographic":false}