{"cameraMode":{"drawMode":0,"name":"Shaded","section":"Shading Mode"},"sceneLighting":true,"audioPlay":false,"sceneViewState":{"showFog":true,"showMaterialUpdate":false,"showSkybox":true,"showFlares":true,"showImageEffects":true,"showParticleSystems":true},"in2DMode":false,"pivot":{"x":46.65629959106445,"y":-39.88800811767578,"z":-46.39130783081055},"rotation":{"x":0.09848031401634217,"y":0.8973965644836426,"z":-0.3461166322231293,"w":0.25533145666122439},"size":43.232425689697269,"orthographic":false}